ID,First Name,Last Name,Address,Country,Birthdate,Email,Is1,Blood,Phone,Dept_Code,Job
Md-001,Russell,Lopez,"280 Mark Walk Apt. 054, Ashleychester, OH 41405",Sierra Leone,11/10/2021,jack15@example.org,1,A+,0983-9108-115,Dept-04,Job-01
Md-002,James,Williams,"0864 Jennifer Rapid, Lake Jamesside, NY 79782",Gambia,6/17/1990,cherylwilliamson@example.com,1,B-,069-1161-819,Dept-07,Job-02
Md-003,John,Higgins,"9016 Turner Shoals, East Maryfurt, DE 04671",Lao People's Democratic Republic,7/27/1979,herrerajohn@example.com,1,O+,0116-6896-328,Dept-10,Job-01
Md-004,Karen,Johnson,"3840 Vargas Drive, North Brandonberg, CO 36306",Ukraine,7/23/2001,christopher56@example.com,1,A-,0431-7225-195,Dept-15,Job-01
Md-005,Linda,Barker,"806 Wheeler Shore Suite 068, Blakefurt, RI 22825",French Southern Territories,3/29/2000,andrewmercado@example.net,1,B-,0958-3868-750,Dept-01,Job-01
Md-006,Alexandria,Torres,"696 Kelly Isle Apt. 595, Daviston, AK 82441",Turkey,5/23/2006,amandajohnson@example.com,1,O-,0490-3641-329,Dept-15,Job-01
Md-007,Stephanie,Walker,"PSC 3713, Box 2105, APO AA 27544",Nicaragua,2/15/1990,angela15@example.org,1,A-,0504-1102-906,Dept-06,Job-01
Md-008,Zachary,Frederick,"50907 Steven Course, Garciaborough, CA 01974",Thailand,9/2/1989,rosesamuel@example.com,1,AB-,0340-5179-423,Dept-01,Job-01
Md-009,Debbie,Ibarra,"493 Ashley Valley Suite 713, East Jessica, PA 67237",Indonesia,9/9/2019,nathaniel37@example.org,1,O+,085-1509-495,Dept-15,Job-01
Md-010,Laura,Zuniga,"5417 Strong Island Suite 754, North Jameschester, OR 20710",South Georgia and the South Sandwich Islands,12/11/1990,audreygood@example.net,1,A+,0302-8366-709,Dept-04,Job-01
Md-011,Vincent,Carrillo,"047 Murray Mountains Suite 497, West Elizabeth, WV 76934",Pitcairn Islands,10/7/1982,lwilliams@example.com,1,A+,0261-6886-375,Dept-07,Job-01
Md-012,William,Arnold,"73932 Daniel Heights Apt. 196, Patrickshire, FL 71270",Paraguay,4/23/1985,patricia82@example.org,1,B+,0891-5637-787,Dept-03,Job-01
Md-013,Sandra,Buck,"49667 Logan Bypass Suite 518, North Teresa, ND 75672",Iran,6/16/1993,nicole19@example.org,1,AB-,0743-4726-773,Dept-06,Job-01
Md-014,Heather,Huang,"273 Kelly Knolls Apt. 721, South Kevin, IN 85839",Fiji,2/22/2005,snyderjonathan@example.org,1,A+,0477-8618-042,Dept-04,Job-01
Md-015,Justin,Carroll,"7251 Melissa Islands Apt. 269, Bestfurt, TX 17801",French Polynesia,3/2/1990,leslie57@example.org,1,B-,0422-5389-470,Dept-08,Job-01
Md-016,Melanie,Perkins,"501 Mariah Cliff, North Matthewport, ID 70775",Senegal,3/19/2021,wilcoxrandy@example.org,1,O+,0258-2020-407,Dept-06,Job-01
Md-017,Julia,Owens,"071 Karen Villages, Alvarezville, NJ 54429",Australia,12/5/1999,khunter@example.net,1,AB-,0893-6663-251,Dept-07,Job-01
Md-018,Karen,Bonilla,"7817 Lewis Burgs, Maryburgh, AZ 19393",South Africa,11/15/1985,patrickholland@example.org,1,AB+,0194-2323-177,Dept-13,Job-01
Md-019,Tristan,Mcmahon,"Unit 6252 Box 1338, DPO AA 53525",Saudi Arabia,1/1/2019,leevanessa@example.org,1,A+,0162-9433-977,Dept-11,Job-01
Md-020,Raymond,Johnson,"87157 Robert Mountain Suite 685, Theresafort, OH 01513",Brazil,5/6/2020,sandovalmark@example.org,1,A+,0588-8385-254,Dept-08,Job-01
Md-021,Lori,Taylor,"11470 Thomas Ways, Alexandramouth, RI 53873",Comoros,5/20/1986,owensjesse@example.org,1,AB-,0929-7263-532,Dept-14,Job-01
Md-022,Bianca,Jordan,"94884 Jones Ports Apt. 164, Matthewshire, OR 19251",Andorra,7/29/1975,travisrandolph@example.net,1,A+,0522-7827-907,Dept-13,Job-01
Md-023,Jeffrey,Henderson,"10521 Aaron Coves, Lake Rebeccaport, ID 53375",Macao,1/21/2007,andrewsteresa@example.com,1,B-,0665-0965-541,Dept-05,Job-01
Md-024,Katherine,Davis,"PSC 3730, Box 6693, APO AP 83003",Mauritius,6/22/2015,kelly66@example.net,1,A-,0525-8825-272,Dept-11,Job-01
Md-025,Heather,Curtis,"17645 Diamond Ways Apt. 326, West Michael, HI 84195",Seychelles,1/25/2008,corteztimothy@example.org,1,O+,0227-5380-179,Dept-15,Job-01
Md-026,Erika,Gonzales,"82918 Carolyn Plains, North Pamela, VA 91074",Kyrgyz Republic,11/23/1983,wgarrett@example.net,1,O-,0493-3639-426,Dept-14,Job-01
Md-027,Timothy,Mclean,"2274 Victoria Springs, Richardstown, NV 15323",Christmas Island,4/25/2019,smithashley@example.com,1,B-,0983-8999-127,Dept-04,Job-01
Md-028,Misty,Ramirez,"12653 Allen Spring Apt. 422, Christophershire, AL 98988",Brunei Darussalam,3/30/1984,katherinesnyder@example.net,1,AB-,0468-7398-491,Dept-06,Job-01
Md-029,Jason,Ray,"3418 James Rapid Apt. 919, New Angelaport, KS 96693",Tokelau,5/16/2004,michael65@example.org,1,A+,0689-7778-227,Dept-03,Job-01
