Room-CODE,Medico-ID,Work
Tm-00-243,Md-017,RZLQV
Tm-00-397,Md-015,VFKOR
Tm-00-325,Md-006,JCGLQ
Tm-00-224,Md-016,TLCPH
Tm-00-400,Md-016,PDYGJ
Tm-00-216,Md-013,ESLNP
Tm-00-107,Md-025,GOBJE
Tm-00-009,Md-027,RFCQO
Tm-00-025,Md-017,MPPIL
Tm-00-291,Md-028,QQLAG
Tm-00-254,Md-021,PVBOD
Tm-00-049,Md-006,TBQNH
Tm-00-206,Md-017,QUVYF
Tm-00-406,Md-007,LMTTE
Tm-00-408,Md-028,FQWNH
Tm-00-183,Md-002,OUXOZ
Tm-00-391,Md-005,RLVKH
Tm-00-366,Md-007,CCGST
Tm-00-312,Md-017,ONIQZ
Tm-00-231,Md-026,SPKMY
Tm-00-313,Md-013,NHDDV
Tm-00-396,Md-021,OBJYS
Tm-00-111,Md-020,PDFQE
Tm-00-226,Md-025,XQVKO
Tm-00-132,Md-005,KFEIW
Tm-00-423,Md-023,OALMM
Tm-00-227,Md-016,CQBFF
Tm-00-137,Md-018,MHDHX
Tm-00-203,Md-020,KYCKZ
Tm-00-145,Md-012,HHVAT
Tm-00-173,Md-008,WRRDO
Tm-00-372,Md-007,MZMDQ
Tm-00-247,Md-021,XDRZY
Tm-00-267,Md-007,HHXIP
Tm-00-083,Md-029,TLIHB
Tm-00-103,Md-012,MMFVA
Tm-00-335,Md-005,RVQUD
Tm-00-024,Md-007,KZLKI
Tm-00-106,Md-017,KOGKF
Tm-00-017,Md-012,YEERL
Tm-00-091,Md-024,RXGXQ
Tm-00-383,Md-022,TEAEK
Tm-00-331,Md-015,SWDXW
Tm-00-128,Md-027,JCPKU
Tm-00-348,Md-004,PVRVF
Tm-00-390,Md-012,UGBZA
Tm-00-137,Md-014,ZSNVQ
Tm-00-362,Md-005,QMJCE
Tm-00-430,Md-001,GOHZM
Tm-00-328,Md-018,TIJGZ
Tm-00-256,Md-016,BQWCR
Tm-00-437,Md-020,AMISI
Tm-00-339,Md-024,JMRLH
Tm-00-360,Md-026,BLKOM
Tm-00-313,Md-014,HRTMS
Tm-00-147,Md-018,WQOBX
Tm-00-219,Md-017,HXSRG
Tm-00-212,Md-005,DTFIM
Tm-00-272,Md-016,PKXVT
Tm-00-020,Md-025,RQCCY
Tm-00-070,Md-005,NPBFJ
Tm-00-318,Md-004,ZWVSP
Tm-00-397,Md-012,QYLGT
Tm-00-331,Md-016,XDQOC
Tm-00-129,Md-006,BFVZQ
Tm-00-216,Md-028,KKHJO
Tm-00-201,Md-001,IWPWZ
Tm-00-383,Md-026,TCEWN
Tm-00-301,Md-018,ZHXBV
Tm-00-144,Md-003,BHKMX
Tm-00-152,Md-028,BXOKQ
Tm-00-125,Md-020,IAPWF
Tm-00-147,Md-024,MFKLS
Tm-00-143,Md-006,RSSHO
Tm-00-321,Md-027,KATHQ
Tm-00-190,Md-029,JHJPE
Tm-00-350,Md-025,STPAM
Tm-00-206,Md-005,QLCLI
Tm-00-065,Md-025,SCVJL
Tm-00-309,Md-004,XEDSW
Tm-00-109,Md-014,BFOVF
Tm-00-406,Md-006,UHZKQ
Tm-00-086,Md-009,VUUHB
Tm-00-318,Md-017,BFCCN
Tm-00-155,Md-002,XVFYK
Tm-00-003,Md-010,OQLTP
Tm-00-271,Md-005,WQFUI
Tm-00-009,Md-023,EBPWW
Tm-00-219,Md-004,SIPJG
Tm-00-250,Md-001,DVEOI
Tm-00-201,Md-029,YJONF
Tm-00-410,Md-004,MAGDF
Tm-00-412,Md-029,ITFEB
Tm-00-180,Md-027,WIOQY
Tm-00-026,Md-004,PXTLG
Tm-00-331,Md-012,HOOIH
Tm-00-336,Md-012,AXDUG
Tm-00-132,Md-029,FNDAE
Tm-00-288,Md-013,SMYTI
Tm-00-277,Md-025,PQRVX
Tm-00-184,Md-023,YIZCD
Tm-00-081,Md-017,BZQCU
Tm-00-260,Md-014,ITEBH
Tm-00-183,Md-027,CWBFR
Tm-00-402,Md-004,OUKQD
Tm-00-115,Md-025,XOLHF
Tm-00-423,Md-010,AERCD
Tm-00-185,Md-008,DORTG
Tm-00-026,Md-029,KEENJ
Tm-00-096,Md-027,KKBWI
Tm-00-149,Md-011,OCWSE
Tm-00-094,Md-004,EIKAF
Tm-00-221,Md-025,HIMAR
Tm-00-093,Md-006,CMDVQ
Tm-00-362,Md-027,FGWRY
Tm-00-167,Md-013,WTKYX
Tm-00-374,Md-004,TDAJU
Tm-00-155,Md-005,PXYKS
Tm-00-352,Md-022,VHMFU
Tm-00-143,Md-009,LOUOL
Tm-00-112,Md-025,MLZYA
Tm-00-103,Md-014,SFOWY
Tm-00-199,Md-010,ZBEYA
Tm-00-277,Md-001,UUWDA
Tm-00-246,Md-007,DHXCH
Tm-00-235,Md-011,PSTFP
Tm-00-396,Md-004,SONBG
Tm-00-075,Md-007,HYQFN
Tm-00-289,Md-020,SUAJZ
Tm-00-003,Md-021,OETAG
Tm-00-375,Md-017,XPOHI
Tm-00-120,Md-017,JIFUD
Tm-00-240,Md-011,VQNUZ
Tm-00-085,Md-024,XSTBY
Tm-00-073,Md-009,DXWKP
Tm-00-061,Md-018,UXVBS
Tm-00-223,Md-020,SWEHG
Tm-00-177,Md-019,MCEXM
Tm-00-070,Md-010,CXKBT
Tm-00-237,Md-017,NSWRP
Tm-00-262,Md-012,WRZLQ
Tm-00-211,Md-018,JKCJT
Tm-00-279,Md-015,BSDYF
Tm-00-028,Md-029,SEEDJ
Tm-00-149,Md-003,KTXVB
Tm-00-260,Md-005,UTHKP
Tm-00-126,Md-023,SREWI
Tm-00-341,Md-016,LDKRD
Tm-00-077,Md-001,GNAIA
Tm-00-006,Md-017,FOZMI
Tm-00-060,Md-009,YIIZQ
Tm-00-253,Md-021,PEVQX
Tm-00-216,Md-025,UGMNN
Tm-00-357,Md-003,IWBVJ
Tm-00-136,Md-024,FSWBQ
Tm-00-285,Md-020,FIOCM
Tm-00-211,Md-013,YOPME
Tm-00-168,Md-027,VISGL
Tm-00-312,Md-026,AIWFX
Tm-00-304,Md-025,AHJRG
Tm-00-387,Md-002,ZAOYI
Tm-00-110,Md-019,USOSO
Tm-00-353,Md-015,DVERH
Tm-00-218,Md-013,DCYFM
Tm-00-166,Md-013,CRUNL
Tm-00-100,Md-007,DVJJF
Tm-00-202,Md-006,HUUKF
Tm-00-116,Md-020,QLZKK
Tm-00-039,Md-016,CZZTC
Tm-00-029,Md-006,XCADS
Tm-00-030,Md-019,XVCMM
Tm-00-277,Md-002,BBWFW
Tm-00-230,Md-022,DOCFJ
Tm-00-290,Md-025,KUJMZ
Tm-00-398,Md-004,HCVUO
Tm-00-093,Md-013,GHWQY
Tm-00-127,Md-013,YVSGS
Tm-00-341,Md-006,DZSMB
Tm-00-081,Md-010,TPTIO
Tm-00-247,Md-019,LBVBE
Tm-00-155,Md-010,MJXEE
Tm-00-399,Md-026,VOFZD
Tm-00-114,Md-012,PFYLJ
Tm-00-109,Md-021,TXRFR
Tm-00-419,Md-011,TLAVB
Tm-00-417,Md-029,TSGNM
Tm-00-427,Md-028,PAVNN
Tm-00-400,Md-027,OYQUE
Tm-00-395,Md-027,ZFJNR
Tm-00-212,Md-019,QOMGR
Tm-00-029,Md-008,GODYQ
Tm-00-237,Md-024,SAHAE
Tm-00-247,Md-023,HQOME
Tm-00-113,Md-011,VSJST
Tm-00-134,Md-001,NDYMP
Tm-00-392,Md-009,NDSXE
Tm-00-139,Md-009,ZCXRI
Tm-00-283,Md-005,RPYXM
Tm-00-124,Md-021,FPLCN
Tm-00-154,Md-012,ISIBT
Tm-00-317,Md-023,LAZTZ
Tm-00-209,Md-010,JKXCU
Tm-00-190,Md-026,OFCXM
Tm-00-098,Md-027,KUKXB
Tm-00-139,Md-015,OQJFA
Tm-00-347,Md-004,CDMEB
Tm-00-257,Md-006,TXQZR
Tm-00-373,Md-003,UIORY
Tm-00-356,Md-023,GCVNJ
Tm-00-353,Md-017,QDGLZ
Tm-00-275,Md-007,UIGAD
Tm-00-413,Md-021,BPHXD
Tm-00-392,Md-007,JERPK
Tm-00-327,Md-029,LNNQL
Tm-00-074,Md-006,HUKUT
Tm-00-308,Md-023,GQUFJ
Tm-00-108,Md-011,XMXLW
Tm-00-408,Md-002,ZMSCO
Tm-00-040,Md-010,LZZCK
Tm-00-009,Md-026,LHYXO
Tm-00-346,Md-015,WUYAO
Tm-00-269,Md-029,VOKPD
Tm-00-423,Md-021,DRMIZ
Tm-00-121,Md-019,AWURT
Tm-00-380,Md-026,OOENF
Tm-00-433,Md-018,WWKMK
Tm-00-364,Md-011,XKPDW
Tm-00-007,Md-012,DPQZI
Tm-00-119,Md-014,FSEWR
Tm-00-189,Md-011,CUJJB
Tm-00-096,Md-024,ZXQVL
Tm-00-292,Md-015,YBTIF
Tm-00-072,Md-012,JVXWX
Tm-00-153,Md-015,ENUYT
Tm-00-297,Md-007,IDJPM
Tm-00-373,Md-016,ZPRME
Tm-00-057,Md-004,DQQWW
Tm-00-110,Md-021,UWRNJ
Tm-00-191,Md-014,AXXHE
Tm-00-121,Md-015,JXHAM
Tm-00-013,Md-004,YWAAM
Tm-00-233,Md-026,DHLCD
Tm-00-298,Md-015,NOFVB
Tm-00-091,Md-008,GSVIG
Tm-00-067,Md-029,YVOEA
Tm-00-390,Md-015,BNFSG
Tm-00-072,Md-001,VNWHH
Tm-00-041,Md-015,HXIZU
Tm-00-176,Md-022,YOHHL
Tm-00-063,Md-014,LUQLN
Tm-00-180,Md-016,LYDRJ
Tm-00-277,Md-012,CSMTY
Tm-00-102,Md-021,LINGG
Tm-00-012,Md-014,URHQD
Tm-00-362,Md-024,ITJFL
Tm-00-117,Md-019,SNFEX
Tm-00-348,Md-010,AWILS
Tm-00-283,Md-027,FRHRK
Tm-00-075,Md-012,YVYIX
Tm-00-005,Md-002,GQCEC
Tm-00-360,Md-027,SDVJK
Tm-00-111,Md-004,MHLJE
Tm-00-242,Md-017,WWUYN
Tm-00-089,Md-010,TSJKI
Tm-00-218,Md-026,PHLZK
Tm-00-357,Md-016,NTLFO
Tm-00-186,Md-011,FUEPZ
Tm-00-103,Md-010,HLOXD
Tm-00-100,Md-005,GLESG
Tm-00-131,Md-007,GTIFQ
Tm-00-255,Md-014,JAICC
Tm-00-135,Md-019,GSVNB
Tm-00-106,Md-024,AICFJ
Tm-00-205,Md-012,ZVLNX
Tm-00-433,Md-019,WSEQM
Tm-00-228,Md-007,FGPAT
Tm-00-390,Md-014,FKAYG
Tm-00-434,Md-008,IDIAG
Tm-00-295,Md-027,UMIYZ
Tm-00-209,Md-018,WUGKF
Tm-00-109,Md-009,VPXTZ
Tm-00-309,Md-028,DOJKP
Tm-00-086,Md-011,QNDZO
Tm-00-203,Md-025,VOTMM
Tm-00-204,Md-004,TTMWU
Tm-00-238,Md-007,ZLVOG
Tm-00-398,Md-007,NMXYO
Tm-00-079,Md-016,PBYMB
Tm-00-182,Md-005,CXRHH
Tm-00-125,Md-010,JOROP
Tm-00-214,Md-010,OFBCB
Tm-00-202,Md-010,VWOCX
Tm-00-369,Md-008,PMEDP
Tm-00-135,Md-018,GULLG
Tm-00-017,Md-022,XJVWC
Tm-00-332,Md-025,SPWXU
Tm-00-297,Md-005,UQLJB
Tm-00-362,Md-019,CUIYL
Tm-00-335,Md-007,UOOQY
Tm-00-306,Md-026,DCVBX
Tm-00-280,Md-018,PJXRV
Tm-00-164,Md-023,WASYU
Tm-00-227,Md-001,EFBRU
Tm-00-210,Md-017,CSXSR
Tm-00-289,Md-008,QIEAV
Tm-00-409,Md-022,WBRWH
Tm-00-290,Md-002,ISLKG
Tm-00-251,Md-024,FMCNU
Tm-00-007,Md-004,WVXAP
Tm-00-313,Md-018,LHQBO
Tm-00-038,Md-008,OLNBZ
Tm-00-349,Md-006,VWSLZ
Tm-00-304,Md-022,WFJLY
Tm-00-386,Md-017,WDQCQ
Tm-00-353,Md-024,KKDLE
Tm-00-252,Md-017,LAOKG
Tm-00-274,Md-006,GOYGU
Tm-00-094,Md-029,ZAQKQ
Tm-00-280,Md-022,SLXDT
Tm-00-327,Md-004,WGKIP
Tm-00-022,Md-009,KNJNO
Tm-00-184,Md-021,AZNRL
Tm-00-124,Md-029,NVQHR
Tm-00-185,Md-027,EGIUL
Tm-00-267,Md-006,WKSPN
Tm-00-204,Md-001,YLOOJ
Tm-00-351,Md-008,SDVSZ
Tm-00-100,Md-012,XSCFO
Tm-00-418,Md-022,VKIZR
Tm-00-236,Md-005,IQPZG
Tm-00-113,Md-016,KADDF
Tm-00-395,Md-023,CRXER
Tm-00-286,Md-013,JEIVD
Tm-00-393,Md-016,XNLRA
Tm-00-048,Md-015,NTWYF
Tm-00-407,Md-029,QGAOY
Tm-00-101,Md-003,CNEJY
Tm-00-246,Md-013,PBBHA
Tm-00-318,Md-002,ZALKW
Tm-00-121,Md-004,ZXMAL
Tm-00-244,Md-016,CJWDF
Tm-00-327,Md-005,QCLRL
Tm-00-246,Md-024,XATYC
Tm-00-323,Md-029,UOBSY
Tm-00-373,Md-020,KYUHB
Tm-00-188,Md-008,ALNAJ
Tm-00-378,Md-022,DQLGR
Tm-00-095,Md-020,DETXI
Tm-00-026,Md-010,DQCDJ
Tm-00-107,Md-021,XEIGH
Tm-00-238,Md-026,ECXKR
Tm-00-212,Md-017,HPOLD
Tm-00-226,Md-001,VGCDM
Tm-00-320,Md-012,RBHEY
Tm-00-252,Md-022,AJTFW
Tm-00-135,Md-029,KTQRG
Tm-00-047,Md-011,PAHZO
Tm-00-209,Md-016,XTIKU
Tm-00-263,Md-004,KHMBO
Tm-00-192,Md-002,TGLWS
Tm-00-359,Md-011,YXLZK
Tm-00-200,Md-012,VURSN
Tm-00-297,Md-024,ZBCLG
Tm-00-421,Md-025,HPEPU
Tm-00-174,Md-002,GNVRK
Tm-00-287,Md-002,OFLFB
Tm-00-243,Md-006,EFOHW
Tm-00-193,Md-019,CKORN
Tm-00-309,Md-023,PJKNA
Tm-00-056,Md-005,SLHTW
Tm-00-115,Md-028,DOCWH
Tm-00-339,Md-025,NLRDM
Tm-00-412,Md-022,ISDSV
Tm-00-042,Md-019,AHCUH
Tm-00-424,Md-016,TVHFC
Tm-00-199,Md-027,FIFAR
Tm-00-283,Md-010,KZKED
Tm-00-426,Md-014,KJQQO
Tm-00-108,Md-002,HYDTV
Tm-00-294,Md-018,TZOFG
Tm-00-430,Md-010,XBBMU
Tm-00-134,Md-029,HEFOP
Tm-00-097,Md-013,ZVAKL
Tm-00-125,Md-009,DVCLH
Tm-00-336,Md-021,GFTNA
Tm-00-010,Md-013,XWHTC
Tm-00-315,Md-028,NCAIV
Tm-00-253,Md-028,WXWHZ
Tm-00-270,Md-021,UBNJS
Tm-00-328,Md-015,JANBZ
Tm-00-405,Md-003,ZNFQW
Tm-00-147,Md-019,GOPXM
Tm-00-335,Md-029,VAESQ
Tm-00-389,Md-012,TMGMV
Tm-00-347,Md-019,EYOVY
Tm-00-119,Md-009,BBYTW
Tm-00-144,Md-007,AXWYN
Tm-00-002,Md-027,VLFKH
Tm-00-365,Md-012,OOYZT
Tm-00-008,Md-002,VKDBP
Tm-00-271,Md-013,WSBCL
Tm-00-303,Md-006,RZPTK
Tm-00-409,Md-019,UGHOA
Tm-00-321,Md-024,RXSPG
Tm-00-041,Md-027,YHCER
Tm-00-033,Md-025,TCSMF
Tm-00-284,Md-005,TSKJD
Tm-00-222,Md-020,QEUOV
Tm-00-383,Md-021,BWAIQ
Tm-00-034,Md-012,WTTIP
Tm-00-123,Md-017,IMHBR
Tm-00-405,Md-020,GKGOX
Tm-00-073,Md-016,WIRRA
Tm-00-033,Md-021,BYOIF
Tm-00-338,Md-021,CMQSV
Tm-00-155,Md-006,VNBBQ
Tm-00-027,Md-012,IRRWT
Tm-00-260,Md-010,NBDPD
Tm-00-124,Md-012,TBTRA
Tm-00-078,Md-005,KLKRW
Tm-00-068,Md-016,HFIOJ
Tm-00-417,Md-026,FNHCD
Tm-00-422,Md-019,UENVB
Tm-00-100,Md-010,DPISL
Tm-00-182,Md-018,ZXXRJ
Tm-00-039,Md-011,UDTBO
Tm-00-363,Md-015,SVWPH
Tm-00-206,Md-024,ZXKJS
Tm-00-058,Md-002,BPIFW
Tm-00-230,Md-001,LLDWV
Tm-00-147,Md-026,PNXSJ
Tm-00-340,Md-011,SWFBF
Tm-00-313,Md-005,EZWJT
Tm-00-089,Md-026,MFFPS
Tm-00-282,Md-022,QLQZU
Tm-00-145,Md-014,BWXNN
Tm-00-247,Md-013,OJNRB
Tm-00-195,Md-009,KMOXH
Tm-00-062,Md-019,GGUTM
Tm-00-100,Md-018,KADNW
Tm-00-421,Md-018,CQZDH
Tm-00-201,Md-025,XFRXB
Tm-00-348,Md-023,PUNRC
Tm-00-403,Md-011,MEUNL
Tm-00-162,Md-009,PHHTK
Tm-00-205,Md-020,DVEBK
Tm-00-173,Md-013,YZIPX
Tm-00-067,Md-027,RBWUP
Tm-00-261,Md-005,LXIFY
Tm-00-026,Md-011,FHCYA
Tm-00-215,Md-019,VSXCA
Tm-00-262,Md-004,WUBGP
Tm-00-180,Md-021,NVANS
Tm-00-255,Md-003,EGOPD
Tm-00-083,Md-010,MYKKW
Tm-00-092,Md-006,JCRPO
Tm-00-339,Md-003,LUREH
Tm-00-200,Md-029,UQOQA
Tm-00-031,Md-016,IXEUT
Tm-00-257,Md-011,DWWCR
Tm-00-370,Md-024,UKMNF
Tm-00-415,Md-016,QGSLH
Tm-00-353,Md-005,RELJN
Tm-00-042,Md-028,STUGW
Tm-00-356,Md-017,RJSWD
Tm-00-147,Md-006,IBFHH
Tm-00-375,Md-018,MUCQI
Tm-00-033,Md-010,URPUB
Tm-00-223,Md-002,YHRMB
Tm-00-184,Md-008,JGGJV
Tm-00-165,Md-029,FCYZE
Tm-00-060,Md-029,TPMIP
Tm-00-307,Md-023,XGNWK
Tm-00-166,Md-025,DECDB
Tm-00-068,Md-019,WBFHF
Tm-00-241,Md-010,PHACT
Tm-00-064,Md-015,MNVQH
Tm-00-344,Md-002,NMGVT
Tm-00-310,Md-017,MZSUH
Tm-00-203,Md-005,CRSSX
Tm-00-057,Md-029,ZTWZO
Tm-00-231,Md-012,GCUUP
Tm-00-080,Md-023,CPGJV
Tm-00-348,Md-001,CNAQQ
Tm-00-280,Md-012,VNZPW
Tm-00-052,Md-010,ZYXVC
Tm-00-313,Md-003,MTFRF
Tm-00-397,Md-013,DXXAA
Tm-00-032,Md-028,QGACS
Tm-00-105,Md-017,LAILT
Tm-00-019,Md-020,XJGRY
Tm-00-194,Md-004,XOMBR
Tm-00-285,Md-017,KJWWS
Tm-00-422,Md-010,OYBTK
Tm-00-251,Md-019,QNXAN
Tm-00-032,Md-013,BPTSQ
Tm-00-043,Md-007,UWGJM
Tm-00-145,Md-010,IBGXC
Tm-00-346,Md-018,LRITR
Tm-00-133,Md-010,FBTVZ
Tm-00-217,Md-009,AEIPL
Tm-00-395,Md-026,VPAUV
Tm-00-173,Md-024,FUSAY
Tm-00-153,Md-005,IECRG
Tm-00-336,Md-028,IQSRM
Tm-00-069,Md-023,MMZCW
Tm-00-043,Md-024,CMHAT
Tm-00-353,Md-012,ZPJDL
Tm-00-065,Md-022,IJDFP
Tm-00-383,Md-023,BPKMI
Tm-00-130,Md-023,IWYZM
Tm-00-415,Md-023,EGAZY
Tm-00-396,Md-016,XOURO
Tm-00-172,Md-002,VLMHD
Tm-00-203,Md-029,EZXQR
Tm-00-265,Md-022,MFSZF
Tm-00-045,Md-019,JCXPL
Tm-00-262,Md-028,KOWCN
Tm-00-071,Md-016,MNCQQ
Tm-00-322,Md-014,FDYJG
Tm-00-053,Md-021,DBBTO
Tm-00-138,Md-013,OPZEV
Tm-00-173,Md-007,YDOSS
Tm-00-161,Md-019,WGMKE
Tm-00-094,Md-013,UXNCJ
Tm-00-176,Md-002,WOYYY
Tm-00-248,Md-018,HBJPA
Tm-00-056,Md-029,DIUBK
Tm-00-139,Md-006,OXXRH
Tm-00-299,Md-014,ZMWXD
Tm-00-004,Md-018,WEINB
Tm-00-190,Md-020,ASMKY
Tm-00-186,Md-025,BTNBR
Tm-00-038,Md-019,DLUOK
Tm-00-360,Md-004,LUPYP
Tm-00-402,Md-011,EMBRU
Tm-00-177,Md-025,GCYCB
Tm-00-438,Md-016,GISMX
Tm-00-034,Md-010,DTVJG
Tm-00-370,Md-014,PFGXL
Tm-00-211,Md-016,DOVCI
Tm-00-385,Md-029,LSKIM
Tm-00-220,Md-024,RMWOJ
Tm-00-115,Md-006,IFWVB
Tm-00-150,Md-018,RKTUC
Tm-00-280,Md-008,JIKAM
Tm-00-298,Md-009,IWPBA
Tm-00-405,Md-025,YQSZE
Tm-00-276,Md-021,BHAOK
Tm-00-361,Md-027,RRLDJ
Tm-00-338,Md-024,YHVMT
Tm-00-408,Md-020,AJAAY
Tm-00-400,Md-011,JCZUN
Tm-00-186,Md-019,THDDV
Tm-00-077,Md-009,NTQGN
Tm-00-137,Md-002,BHGUA
Tm-00-244,Md-014,FTXKD
Tm-00-088,Md-024,WLQXD
Tm-00-068,Md-002,LWRBC
Tm-00-220,Md-013,WKVOD
Tm-00-257,Md-016,EWHMK
Tm-00-152,Md-003,XKTGU
Tm-00-322,Md-016,PKFMK
Tm-00-403,Md-021,VTJWJ
Tm-00-181,Md-018,CAMRQ
Tm-00-019,Md-011,SYMVQ
Tm-00-233,Md-008,MEPLS
Tm-00-023,Md-013,NHWAG
Tm-00-193,Md-010,CDEOW
Tm-00-081,Md-022,KJOBU
Tm-00-144,Md-022,WENMW
Tm-00-071,Md-007,HCIVY
Tm-00-050,Md-012,DMFAS
Tm-00-285,Md-002,VTPKX
Tm-00-111,Md-015,WPAHW
Tm-00-381,Md-028,INJCU
Tm-00-275,Md-002,IFXIQ
Tm-00-227,Md-023,AAXZZ
Tm-00-144,Md-015,SEFCP
Tm-00-436,Md-012,JCVUE
Tm-00-267,Md-018,RLKYI
Tm-00-386,Md-026,GAXMI
Tm-00-138,Md-006,MXFDQ
Tm-00-438,Md-026,KWROP
Tm-00-138,Md-007,TQSZD
Tm-00-431,Md-010,KIRPT
Tm-00-207,Md-020,LFQWL
Tm-00-205,Md-010,TDJSB
Tm-00-312,Md-028,MSGRJ
Tm-00-268,Md-006,EOTDV
Tm-00-387,Md-005,LEEWV
Tm-00-001,Md-021,EAQRU
Tm-00-016,Md-007,EVMUT
Tm-00-423,Md-002,LWUSZ
Tm-00-126,Md-009,GIBSY
Tm-00-340,Md-016,WGQLI
Tm-00-237,Md-011,TWSUF
Tm-00-241,Md-008,LUAGW
Tm-00-209,Md-020,YXCKD
Tm-00-150,Md-023,PUAFJ
Tm-00-167,Md-027,GSOIJ
Tm-00-422,Md-005,CVHIK
Tm-00-004,Md-024,ROVVF
Tm-00-361,Md-012,ZCSEC
Tm-00-371,Md-018,ANRBV
Tm-00-064,Md-003,KCZLU
Tm-00-336,Md-027,QTOGD
Tm-00-391,Md-016,JRCMG
Tm-00-422,Md-009,EXBUX
Tm-00-312,Md-007,XVGTJ
Tm-00-394,Md-015,QCGVP
Tm-00-284,Md-025,HJJMO
Tm-00-075,Md-005,LKZNS
Tm-00-347,Md-008,CJSFF
Tm-00-135,Md-023,CKXYJ
Tm-00-372,Md-024,NXSZA
Tm-00-194,Md-021,MFAON
Tm-00-349,Md-012,FYNBU
Tm-00-349,Md-010,TGMZS
Tm-00-026,Md-005,LZYWX
Tm-00-185,Md-004,YFWBC
Tm-00-073,Md-024,VJQXM
Tm-00-398,Md-028,WQOOE
Tm-00-272,Md-008,LAUJP
Tm-00-227,Md-008,RXMSZ
Tm-00-408,Md-027,NFXDE
Tm-00-426,Md-010,ZRQKZ
Tm-00-303,Md-020,FJSRR
Tm-00-173,Md-001,OYQMG
Tm-00-180,Md-005,DYBRL
Tm-00-101,Md-019,NBMEW
Tm-00-100,Md-028,PDVVD
Tm-00-060,Md-017,UQUNR
Tm-00-333,Md-006,CSQNN
Tm-00-301,Md-023,JWHMW
Tm-00-214,Md-007,RQDLR
Tm-00-124,Md-003,LEANX
Tm-00-047,Md-026,YHSZS
Tm-00-337,Md-019,QHYFJ
Tm-00-367,Md-021,XQVCG
Tm-00-090,Md-001,DGKPR
Tm-00-077,Md-016,KQZSU
Tm-00-359,Md-001,VCBTU
Tm-00-146,Md-012,LBFPQ
Tm-00-289,Md-027,SJJXB
Tm-00-132,Md-025,MGVOD
Tm-00-119,Md-004,SFVER
Tm-00-269,Md-011,DFOOD
Tm-00-334,Md-011,REPLP
Tm-00-278,Md-006,YXYPT
Tm-00-342,Md-008,MVLBC
Tm-00-290,Md-003,ZSJRU
Tm-00-239,Md-016,QBGYT
Tm-00-420,Md-004,KJIIQ
Tm-00-322,Md-010,IRETA
Tm-00-432,Md-026,OJAQV
Tm-00-067,Md-015,BLLUV
Tm-00-106,Md-015,ZPZAF
Tm-00-282,Md-014,ZUQLQ
Tm-00-205,Md-013,HDAGN
Tm-00-015,Md-012,AFBXO
Tm-00-147,Md-022,AJYOD
Tm-00-076,Md-014,UVZRF
Tm-00-206,Md-019,QCKIA
Tm-00-227,Md-025,BDKBW
Tm-00-054,Md-022,QHTDV
Tm-00-078,Md-029,GSXAD
Tm-00-358,Md-005,DQQKO
Tm-00-061,Md-005,VOYWM
Tm-00-045,Md-014,AHPBW
Tm-00-235,Md-021,HKFHE
Tm-00-115,Md-020,SZUIR
Tm-00-127,Md-029,ABVTQ
Tm-00-162,Md-008,ANMLG
Tm-00-045,Md-002,TWVZF
Tm-00-158,Md-015,KVAUJ
Tm-00-302,Md-016,QHZHV
Tm-00-244,Md-009,WUVMX
Tm-00-415,Md-028,NIJHC
Tm-00-140,Md-007,MYBSH
Tm-00-307,Md-006,NOFCD
Tm-00-269,Md-001,DZCMY
Tm-00-112,Md-029,CJNIM
Tm-00-364,Md-005,DJWLA
Tm-00-437,Md-010,RAGBP
Tm-00-011,Md-006,CYXJC
Tm-00-264,Md-001,MFLRJ
Tm-00-155,Md-009,CLSIH
Tm-00-313,Md-019,SHUPX
Tm-00-409,Md-025,FDDFQ
Tm-00-370,Md-006,OOVNX
Tm-00-068,Md-010,GIZDI
Tm-00-204,Md-017,KTIWB
Tm-00-378,Md-002,BBEOB
Tm-00-336,Md-017,COAHS
Tm-00-190,Md-002,DVIWM
Tm-00-129,Md-026,RNSDX
Tm-00-028,Md-010,PZIAG
Tm-00-066,Md-013,JHLBQ
Tm-00-317,Md-001,KHNMP
Tm-00-079,Md-002,XNRKN
Tm-00-013,Md-025,GXRZE
Tm-00-277,Md-018,ZVNHH
Tm-00-355,Md-020,ULQHZ
Tm-00-398,Md-025,PVMYE
Tm-00-289,Md-021,CMCZD
Tm-00-302,Md-027,GHYDT
Tm-00-424,Md-006,FZMIW
Tm-00-422,Md-008,FRDNK
Tm-00-388,Md-007,MPFFC
Tm-00-167,Md-001,YLGXS
Tm-00-040,Md-007,CADMF
Tm-00-046,Md-003,WLJAL
Tm-00-118,Md-016,MGSTU
Tm-00-099,Md-025,AWBRF
Tm-00-171,Md-024,TZSWH
Tm-00-043,Md-003,ZFJNA
Tm-00-051,Md-016,LRRBE
Tm-00-290,Md-026,JMIUR
Tm-00-339,Md-028,EAUIF
Tm-00-440,Md-001,SYOBD
Tm-00-390,Md-017,CZOGH
Tm-00-423,Md-022,UBPCA
Tm-00-398,Md-001,EOAMV
Tm-00-069,Md-003,JJGFA
Tm-00-130,Md-015,RPYUP
Tm-00-320,Md-002,RBMDQ
Tm-00-235,Md-002,ZHTMC
Tm-00-357,Md-026,NHNKQ
Tm-00-341,Md-026,OBMEU
Tm-00-292,Md-022,LCIMI
Tm-00-263,Md-027,HZKAX
Tm-00-260,Md-019,KNRMS
Tm-00-406,Md-022,TSIXO
Tm-00-082,Md-017,MHMBW
Tm-00-321,Md-012,BSYQX
Tm-00-172,Md-026,BSOYH
Tm-00-314,Md-008,DQXRU
Tm-00-196,Md-016,FCZPQ
Tm-00-015,Md-007,ZLCKB
Tm-00-165,Md-008,KMOZJ
Tm-00-299,Md-028,KWAQF
Tm-00-300,Md-028,ZMWYV
Tm-00-004,Md-006,FVBKZ
Tm-00-423,Md-016,KXLBX
Tm-00-419,Md-017,EQHTO
Tm-00-229,Md-001,SRLHM
Tm-00-259,Md-019,NNSZN
Tm-00-317,Md-002,OCQQI
Tm-00-354,Md-015,VDXEM
Tm-00-165,Md-020,XPJAK
Tm-00-210,Md-015,LVMTT
Tm-00-437,Md-009,ALYTO
Tm-00-398,Md-013,QHETS
Tm-00-230,Md-025,VESDS
Tm-00-112,Md-012,SBWDJ
Tm-00-270,Md-005,HTYBN
Tm-00-208,Md-017,VHZRD
Tm-00-114,Md-019,NVZUQ
Tm-00-202,Md-003,AXHWL
Tm-00-340,Md-008,TYQOP
Tm-00-088,Md-027,XXPWM
Tm-00-116,Md-016,ZTCDT
Tm-00-055,Md-028,XFANA
Tm-00-194,Md-013,IYLNL
Tm-00-183,Md-015,TVCYU
Tm-00-170,Md-020,YOOMO
Tm-00-414,Md-016,FPVUO
Tm-00-359,Md-009,VSXCX
Tm-00-091,Md-018,NOTNZ
Tm-00-383,Md-004,LVIUR
Tm-00-153,Md-026,FEILE
Tm-00-293,Md-016,OZHDJ
Tm-00-186,Md-013,KRQZP
Tm-00-186,Md-009,DTEGP
Tm-00-119,Md-019,ISLTR
Tm-00-078,Md-024,GHZIV
Tm-00-065,Md-007,VHEQJ
Tm-00-283,Md-022,EDAFI
Tm-00-290,Md-013,PVNRU
Tm-00-002,Md-025,DEEUY
Tm-00-161,Md-029,FKIDI
Tm-00-056,Md-014,BSJHG
Tm-00-020,Md-012,BVZAV
Tm-00-088,Md-028,SDGZX
Tm-00-192,Md-026,HHTFK
Tm-00-427,Md-025,HNUUU
Tm-00-199,Md-009,ZJPJQ
Tm-00-221,Md-015,QRGJE
Tm-00-210,Md-001,DSPBK
Tm-00-416,Md-024,HTJAI
Tm-00-120,Md-009,PGCDS
Tm-00-226,Md-004,ETEIC
Tm-00-120,Md-016,KHAJN
Tm-00-032,Md-021,QSHGX
Tm-00-325,Md-022,DKVFC
Tm-00-176,Md-014,UQWXW
Tm-00-195,Md-007,KXGSN
Tm-00-309,Md-020,CTCSP
Tm-00-101,Md-016,ARLEM
Tm-00-081,Md-026,CIMLF
Tm-00-017,Md-014,FCAEH
Tm-00-415,Md-027,CYPGA
Tm-00-209,Md-028,JBFWJ
Tm-00-293,Md-027,XUKPG
Tm-00-114,Md-008,QZOXE
Tm-00-419,Md-023,ISUYI
Tm-00-327,Md-008,VRBPJ
Tm-00-208,Md-010,PAWOO
Tm-00-150,Md-021,EXUFQ
Tm-00-292,Md-003,GWIII
Tm-00-376,Md-008,OUKGG
Tm-00-247,Md-014,GZWCT
Tm-00-381,Md-001,ULCOR
Tm-00-268,Md-009,SSZZD
Tm-00-344,Md-013,HXFJU
Tm-00-125,Md-004,VNFRE
Tm-00-025,Md-018,AGZIN
Tm-00-408,Md-011,YMEQI
Tm-00-365,Md-008,XNWHF
Tm-00-177,Md-003,PNJKZ
Tm-00-125,Md-008,MDUJH
Tm-00-232,Md-027,KBVZF
Tm-00-185,Md-022,JDMHE
Tm-00-215,Md-006,DHQCW
Tm-00-377,Md-001,CUWEQ
Tm-00-374,Md-022,OQCQS
Tm-00-360,Md-020,VQXOP
Tm-00-171,Md-001,LKZHB
Tm-00-288,Md-015,GRWLK
Tm-00-181,Md-010,HLZFN
Tm-00-394,Md-002,PGHGS
Tm-00-116,Md-024,MPHLV
Tm-00-102,Md-018,TWDAH
Tm-00-006,Md-025,SJLNI
Tm-00-179,Md-015,GNYDD
Tm-00-132,Md-014,OPDLT
Tm-00-250,Md-011,EPFBF
Tm-00-008,Md-003,QDQMH
Tm-00-198,Md-022,POIGC
Tm-00-374,Md-006,TZZGG
Tm-00-303,Md-011,FJEYS
Tm-00-007,Md-001,AOZIH
Tm-00-046,Md-010,SLSNN
Tm-00-078,Md-018,AHZTD
Tm-00-144,Md-001,MTBYG
Tm-00-025,Md-007,YZMKR
Tm-00-185,Md-013,PXHDL
Tm-00-161,Md-023,PMQBC
Tm-00-174,Md-005,MOQRX
Tm-00-322,Md-017,GGQIE
Tm-00-297,Md-008,KYVRT
Tm-00-043,Md-016,ECYLH
Tm-00-243,Md-018,XKTCQ
Tm-00-376,Md-013,VMCCO
Tm-00-222,Md-024,HIHRO
Tm-00-276,Md-019,CWOYS
Tm-00-077,Md-008,HYTGQ
Tm-00-020,Md-007,PUHKI
Tm-00-363,Md-018,XXORO
Tm-00-425,Md-001,UPUXQ
Tm-00-110,Md-015,FVSSH
Tm-00-055,Md-029,LQFTH
Tm-00-357,Md-024,ELZEW
Tm-00-374,Md-011,LJTVO
Tm-00-179,Md-025,KNRNI
Tm-00-366,Md-022,RDDHP
Tm-00-390,Md-003,WVBDJ
Tm-00-168,Md-002,JIWLI
Tm-00-313,Md-026,KLGYE
Tm-00-082,Md-013,YQITS
Tm-00-241,Md-015,NQIFZ
Tm-00-268,Md-024,ELJLG
Tm-00-296,Md-015,ZERTF
Tm-00-318,Md-008,OACKR
Tm-00-030,Md-029,CGCSC
Tm-00-380,Md-014,YIHTA
Tm-00-032,Md-002,BNOIL
Tm-00-187,Md-028,HXHVB
Tm-00-324,Md-008,YFLMZ
Tm-00-417,Md-021,GJQUB
Tm-00-333,Md-018,OQXYJ
Tm-00-039,Md-004,NZFBS
Tm-00-145,Md-007,ZSLJG
Tm-00-385,Md-028,WMMTS
Tm-00-280,Md-010,KEDII
Tm-00-343,Md-008,KDJXI
Tm-00-364,Md-025,ELUJT
Tm-00-317,Md-013,UUOCV
Tm-00-261,Md-016,NQULG
Tm-00-112,Md-020,TNCKC
Tm-00-168,Md-011,GYKOL
Tm-00-321,Md-022,KTKYE
Tm-00-361,Md-026,XXLDO
Tm-00-117,Md-021,NZJCQ
Tm-00-147,Md-003,KXDKM
Tm-00-133,Md-013,JCOYH
Tm-00-077,Md-015,VEJDG
Tm-00-425,Md-014,DCEOZ
Tm-00-385,Md-026,IVBTK
Tm-00-152,Md-012,EWCAQ
Tm-00-066,Md-007,CEZSF
Tm-00-028,Md-014,AVIFT
Tm-00-027,Md-004,YNLDY
Tm-00-135,Md-012,UINTF
Tm-00-059,Md-020,WMDWB
Tm-00-164,Md-029,JZNCU
Tm-00-295,Md-003,VXPIE
Tm-00-055,Md-007,ATZHN
Tm-00-261,Md-013,UOAJP
Tm-00-331,Md-019,COUAV
Tm-00-018,Md-011,WPYGK
Tm-00-307,Md-019,RMQHA
Tm-00-026,Md-002,EBFNM
Tm-00-028,Md-005,EMTXB
Tm-00-128,Md-007,KKVVT
Tm-00-399,Md-027,ALVQW
Tm-00-006,Md-003,MUUTV
Tm-00-329,Md-015,ADKNC
Tm-00-168,Md-008,IBKXC
Tm-00-049,Md-002,PPOWP
Tm-00-234,Md-009,JNOOB
Tm-00-417,Md-025,RTYVR
Tm-00-311,Md-013,WHBOE
Tm-00-325,Md-009,ITZIG
Tm-00-317,Md-014,ZZCBT
Tm-00-183,Md-029,QASRE
Tm-00-090,Md-012,PLPJO
Tm-00-136,Md-019,AWUXF
Tm-00-418,Md-011,KNLFQ
Tm-00-156,Md-001,EIRJD
Tm-00-236,Md-001,UOFMO
Tm-00-028,Md-016,IKJNQ
Tm-00-104,Md-018,IUNFQ
Tm-00-380,Md-029,YKXYC
Tm-00-361,Md-025,LYUWH
Tm-00-310,Md-008,OVCAQ
Tm-00-330,Md-002,TEFVS
Tm-00-198,Md-011,HDENO
Tm-00-434,Md-025,MODMY
Tm-00-336,Md-029,CIJBA
Tm-00-323,Md-016,BFOFV
Tm-00-233,Md-006,KUAJK
Tm-00-235,Md-007,NLVZN
Tm-00-053,Md-005,EAWIO
Tm-00-218,Md-001,SMAVK
Tm-00-051,Md-026,DKAYU
Tm-00-362,Md-003,LRINF
Tm-00-188,Md-009,TRCSZ
Tm-00-023,Md-003,MKGCS
Tm-00-227,Md-010,TBAME
Tm-00-306,Md-021,QZKLK
Tm-00-047,Md-009,GJTSX
Tm-00-203,Md-022,UJGHL
Tm-00-113,Md-006,TJNUD
Tm-00-374,Md-016,UIZXQ
Tm-00-005,Md-018,PYZHC
Tm-00-429,Md-024,OBHBZ
Tm-00-138,Md-026,QAZSR
Tm-00-200,Md-028,ODPFA
Tm-00-269,Md-007,WNADP
Tm-00-170,Md-009,RLUVV
Tm-00-393,Md-022,HTQQV
Tm-00-180,Md-018,PXKXZ
Tm-00-317,Md-005,CPWIW
Tm-00-289,Md-024,XVVYK
Tm-00-076,Md-018,KCNVP
Tm-00-051,Md-027,IJOQP
Tm-00-213,Md-014,FMLYU
Tm-00-373,Md-007,BZGSQ
Tm-00-028,Md-007,QNOMU
Tm-00-021,Md-029,IXBTB
Tm-00-158,Md-004,KDPRZ
Tm-00-025,Md-001,JXJIT
Tm-00-109,Md-005,KNCRA
Tm-00-203,Md-027,YKPDM
Tm-00-207,Md-024,HWRPD
Tm-00-122,Md-019,UASED
Tm-00-395,Md-006,DTJZZ
Tm-00-148,Md-020,RAKUH
Tm-00-329,Md-004,PBUZM
Tm-00-201,Md-014,YLLOW
Tm-00-255,Md-009,PBXSW
Tm-00-437,Md-013,FIEDV
Tm-00-269,Md-018,AAAQT
Tm-00-158,Md-028,SPPYF
Tm-00-076,Md-015,QOYBF
Tm-00-238,Md-015,VVXPQ
Tm-00-272,Md-012,CDGHF
Tm-00-124,Md-028,MBUGE
Tm-00-071,Md-019,UHPUF
Tm-00-350,Md-018,ZFQNQ
Tm-00-128,Md-016,PPKPA
Tm-00-115,Md-005,JUMMP
Tm-00-157,Md-013,BLMCQ
Tm-00-401,Md-011,SYAKZ
Tm-00-023,Md-002,EWBIK
Tm-00-255,Md-023,XYAVK
Tm-00-395,Md-028,QOBSE
Tm-00-169,Md-021,CZEAB
Tm-00-268,Md-015,MVHRV
Tm-00-440,Md-027,TYTRY
Tm-00-240,Md-025,ZGGUF
Tm-00-277,Md-023,VUNIV
Tm-00-124,Md-024,TBDRV
Tm-00-276,Md-016,JBXNH
Tm-00-147,Md-005,LIFWB
Tm-00-010,Md-006,JJXTX
Tm-00-242,Md-005,OVOCS
Tm-00-381,Md-020,WRJDW
Tm-00-381,Md-017,XSOGV
Tm-00-410,Md-002,BTJXA
Tm-00-438,Md-008,XOCDC
Tm-00-194,Md-008,PLMRL
Tm-00-121,Md-028,AKDNE
Tm-00-416,Md-005,YMBJV
Tm-00-133,Md-004,RJRLV
Tm-00-176,Md-020,MYMKC
Tm-00-065,Md-027,PUGYI
Tm-00-008,Md-014,ISORA
Tm-00-238,Md-023,YQDMZ
Tm-00-041,Md-021,IZVZJ
Tm-00-114,Md-002,MDRYE
Tm-00-206,Md-021,FEAHD
Tm-00-208,Md-015,JHOMS
Tm-00-180,Md-017,MXLKL
Tm-00-136,Md-028,RMLLL
Tm-00-429,Md-028,EUPMO
Tm-00-092,Md-007,GWTLY
Tm-00-150,Md-011,RUYXX
Tm-00-132,Md-003,OPFUH
Tm-00-201,Md-026,GSBDR
Tm-00-392,Md-008,KQVZC
Tm-00-024,Md-028,JZKCZ
Tm-00-149,Md-018,SEVZU
Tm-00-202,Md-016,XWTAM
Tm-00-189,Md-020,IZSTN
Tm-00-037,Md-029,KOAKJ
Tm-00-052,Md-023,WUKJO
Tm-00-086,Md-027,ZIPYO
Tm-00-295,Md-002,XSBVE
Tm-00-138,Md-018,LZKNC
Tm-00-313,Md-025,QLQSY
Tm-00-197,Md-017,IGMXK
Tm-00-345,Md-019,EPUJB
Tm-00-010,Md-003,DIBZB
Tm-00-093,Md-018,WWXBD
Tm-00-344,Md-015,BLIQG
Tm-00-283,Md-024,EPEND
Tm-00-243,Md-026,ZMHOQ
Tm-00-228,Md-026,NLQMO
Tm-00-374,Md-018,YMRBL
Tm-00-047,Md-028,ZKUFR
Tm-00-292,Md-011,KUTGX
Tm-00-017,Md-020,EFYBX
Tm-00-406,Md-021,TGHGG
Tm-00-034,Md-020,TBXQL
Tm-00-158,Md-009,EKOJQ
Tm-00-095,Md-021,CZWVX
Tm-00-425,Md-016,NHPAK
Tm-00-010,Md-007,VTWDU
Tm-00-321,Md-008,LIIOM
Tm-00-345,Md-018,FYTEV
Tm-00-062,Md-023,GYNIL
Tm-00-117,Md-010,GFQOL
Tm-00-328,Md-011,EBEMQ
Tm-00-318,Md-009,ASQVF
Tm-00-039,Md-017,BWLWV
Tm-00-291,Md-001,PWCQJ
Tm-00-076,Md-013,ECICV
Tm-00-391,Md-007,KUEUL
Tm-00-314,Md-006,OHQUM
Tm-00-191,Md-029,VAPMS
Tm-00-241,Md-024,PQFKX
Tm-00-434,Md-024,UJQQT
Tm-00-371,Md-022,ADMWK
Tm-00-080,Md-024,EURQW
Tm-00-352,Md-020,BWRVA
Tm-00-294,Md-006,NHFET
Tm-00-335,Md-014,RBXUJ
Tm-00-148,Md-010,HLTPF
Tm-00-301,Md-027,EFZAB
Tm-00-261,Md-008,YXALB
Tm-00-383,Md-025,IBZUK
Tm-00-429,Md-015,XKAES
Tm-00-100,Md-004,HSIGQ
Tm-00-190,Md-009,ELWVV
Tm-00-122,Md-015,LQUBB
Tm-00-298,Md-013,SGWDU
Tm-00-170,Md-012,RQOEJ
Tm-00-173,Md-004,CPHTV
Tm-00-145,Md-028,ZCALU
Tm-00-100,Md-002,CJWAD
Tm-00-177,Md-024,EIFAU
Tm-00-205,Md-024,KOMIO
Tm-00-431,Md-020,ERNNO
Tm-00-023,Md-018,GXLXW
Tm-00-112,Md-019,NRWMS
Tm-00-256,Md-002,TZNSN
Tm-00-034,Md-022,FLBWK
Tm-00-256,Md-014,ANWIZ
Tm-00-033,Md-001,OIUXL
Tm-00-010,Md-015,EOFMO
Tm-00-328,Md-007,QLETR
Tm-00-263,Md-023,ZSHAG
Tm-00-372,Md-008,XOAVL
Tm-00-342,Md-005,LIFLQ
Tm-00-022,Md-020,ZNGWP
Tm-00-152,Md-016,JRPGR
Tm-00-352,Md-021,ULLTT
Tm-00-227,Md-024,VQSEN
Tm-00-225,Md-008,RFYGW
Tm-00-038,Md-015,BLIMJ
Tm-00-249,Md-005,XFBPW
Tm-00-287,Md-018,TGMJK
Tm-00-001,Md-008,POQWH
Tm-00-202,Md-015,EJXLW
Tm-00-440,Md-024,NJLQX
Tm-00-331,Md-002,EPWZD
Tm-00-088,Md-014,QWFTS
Tm-00-054,Md-003,XSROO
Tm-00-400,Md-013,FELOJ
Tm-00-142,Md-007,RAZFU
Tm-00-018,Md-026,BQRLO
Tm-00-098,Md-013,FRZWE
Tm-00-005,Md-022,NGDXX
Tm-00-331,Md-003,MKAZQ
Tm-00-061,Md-020,PLWBP
Tm-00-220,Md-018,IOOOO
Tm-00-365,Md-024,BGVOM
Tm-00-139,Md-025,JHSJC
Tm-00-437,Md-006,QFNGY
Tm-00-245,Md-013,ROUCC
Tm-00-094,Md-027,DPZEJ
Tm-00-352,Md-009,GUCMF
Tm-00-237,Md-029,VLFWT
Tm-00-102,Md-027,LWDGL
Tm-00-001,Md-023,SYSDS
Tm-00-321,Md-004,XKQFE
Tm-00-403,Md-015,ZEPGO
Tm-00-418,Md-014,FYNUJ
Tm-00-290,Md-005,UOHCC
Tm-00-172,Md-012,KDZUD
Tm-00-251,Md-005,TGPBS
Tm-00-268,Md-014,NOPPL
Tm-00-408,Md-006,TZJWV
Tm-00-348,Md-026,SOENP
Tm-00-152,Md-009,LJPFZ
Tm-00-160,Md-027,YZTUW
Tm-00-281,Md-017,BIMCX
Tm-00-139,Md-017,HGMVD
Tm-00-280,Md-004,FVXQI
Tm-00-150,Md-026,NWFAV
Tm-00-131,Md-016,XCMPQ
Tm-00-410,Md-028,BEXKO
Tm-00-295,Md-011,CDUZB
Tm-00-220,Md-021,NRZWH
Tm-00-055,Md-018,MRQHD
Tm-00-396,Md-012,LFJKN
Tm-00-203,Md-026,JRGLW
Tm-00-283,Md-007,KQKRJ
Tm-00-083,Md-018,HMFWM
Tm-00-270,Md-013,YFQZS
Tm-00-392,Md-019,LDCEP
Tm-00-271,Md-019,BXIYZ
Tm-00-035,Md-002,QTVDP
Tm-00-153,Md-022,GBFOA
Tm-00-390,Md-027,SMJJQ
Tm-00-298,Md-027,AWPFL
Tm-00-363,Md-025,RQRAW
Tm-00-383,Md-005,PFDWH
Tm-00-336,Md-022,ZCHNG
Tm-00-320,Md-008,DDEMS
Tm-00-170,Md-021,PILOV
Tm-00-026,Md-022,YRZTC
Tm-00-261,Md-026,GKFHK
Tm-00-334,Md-023,OHYEJ
Tm-00-226,Md-014,IFRGI
Tm-00-268,Md-008,LANTU
Tm-00-104,Md-008,NUWJI
Tm-00-276,Md-001,DDKKE
Tm-00-352,Md-013,QUXIO
Tm-00-249,Md-025,PCMHU
Tm-00-272,Md-022,ROZSY
Tm-00-014,Md-003,NNUAZ
Tm-00-171,Md-018,MDHGL
Tm-00-220,Md-012,ZPKBI
Tm-00-290,Md-028,QWBXZ
Tm-00-078,Md-013,YVKTM
Tm-00-295,Md-018,VWBWE
Tm-00-412,Md-003,OZHVN
Tm-00-027,Md-024,LRWND
Tm-00-050,Md-019,SIPSH
Tm-00-305,Md-026,JLAPK
Tm-00-177,Md-002,BRXAI
Tm-00-098,Md-005,KKZDH
Tm-00-237,Md-027,HCRLM
Tm-00-210,Md-002,NSCMP
Tm-00-299,Md-018,YOFFK
Tm-00-228,Md-025,VXPGQ
Tm-00-084,Md-002,VAZAZ
Tm-00-219,Md-006,KWGTY
Tm-00-046,Md-006,VPCJQ
Tm-00-336,Md-018,QZQVL
Tm-00-096,Md-019,CRNED
Tm-00-403,Md-001,IWEJF
Tm-00-394,Md-029,SDIJX
Tm-00-183,Md-001,DQEXG
Tm-00-132,Md-021,VVTXM
Tm-00-317,Md-006,JKWPC
Tm-00-325,Md-026,QSXEB
Tm-00-313,Md-027,EYPBX
Tm-00-049,Md-023,YYCEP
Tm-00-107,Md-024,EUBYY
Tm-00-243,Md-029,MLRYY
Tm-00-110,Md-023,EZFFT
Tm-00-064,Md-012,HQYUO
Tm-00-336,Md-005,QKFUM
Tm-00-159,Md-008,NYNIP
Tm-00-391,Md-004,XNDYF
Tm-00-098,Md-016,HKELB
Tm-00-059,Md-009,ZCFLH
Tm-00-402,Md-029,AWBUY
Tm-00-235,Md-020,FTRWY
Tm-00-405,Md-023,JUHFO
Tm-00-030,Md-003,PEQFW
Tm-00-277,Md-022,PSQEQ
Tm-00-097,Md-011,ZOAIW
Tm-00-345,Md-027,GVZNQ
Tm-00-198,Md-007,PJVVE
Tm-00-099,Md-027,AKWFO
Tm-00-281,Md-001,BAGWY
Tm-00-379,Md-005,ODFDT
Tm-00-222,Md-029,VUNCE
Tm-00-440,Md-007,XFVWS
Tm-00-245,Md-022,IYRMW
Tm-00-031,Md-024,EUCHO
Tm-00-049,Md-025,RDEWL
Tm-00-375,Md-023,PEVYJ
Tm-00-319,Md-005,IISTA
Tm-00-270,Md-008,RJTEV
Tm-00-062,Md-025,QGXPE
Tm-00-399,Md-019,QASUK
Tm-00-003,Md-002,BJKRR
Tm-00-190,Md-028,TOUZT
Tm-00-029,Md-022,LLIWU
Tm-00-221,Md-005,PXOGX
Tm-00-256,Md-013,GURGH
Tm-00-075,Md-010,YFECJ
Tm-00-409,Md-017,RHACA
Tm-00-426,Md-018,JBXWG
Tm-00-210,Md-005,KDHKT
Tm-00-361,Md-022,XTVMY
Tm-00-071,Md-029,OEHAR
Tm-00-130,Md-008,DYZYL
Tm-00-052,Md-012,BYHAE
Tm-00-180,Md-010,MAUGM
Tm-00-245,Md-011,UWTNT
Tm-00-433,Md-008,NHPFI
Tm-00-130,Md-024,IEHSF
Tm-00-129,Md-001,QFDGW
Tm-00-421,Md-027,LMWEN
Tm-00-334,Md-019,RPRZS
Tm-00-336,Md-025,NCGEH
Tm-00-332,Md-010,KYEXE
Tm-00-173,Md-025,YHJMV
Tm-00-337,Md-013,UYIZP
Tm-00-120,Md-019,GBAGG
Tm-00-218,Md-014,OKUTH
Tm-00-357,Md-027,WLTSJ
Tm-00-249,Md-012,UQPQA
Tm-00-290,Md-011,FHQFX
Tm-00-371,Md-008,OYMER
Tm-00-076,Md-028,HCWMN
Tm-00-156,Md-027,IVYZB
Tm-00-293,Md-007,SYCDP
Tm-00-038,Md-023,JUVGT
Tm-00-215,Md-024,NSBWP
Tm-00-386,Md-008,IXNZS
Tm-00-144,Md-028,RUYDH
Tm-00-014,Md-026,OGNJP
Tm-00-134,Md-009,MRVQW
Tm-00-089,Md-002,LTCDP
Tm-00-239,Md-022,YXBMX
Tm-00-175,Md-007,LKQRD
Tm-00-247,Md-004,OWFYM
Tm-00-265,Md-015,RZPHS
Tm-00-402,Md-002,LIOLN
Tm-00-165,Md-025,QAWRA
Tm-00-310,Md-018,IPQPI
Tm-00-401,Md-004,NSFOM
Tm-00-338,Md-007,SAPKT
Tm-00-065,Md-017,NEQAW
Tm-00-240,Md-029,MUNIB
Tm-00-192,Md-006,YANYX
Tm-00-195,Md-006,VEJPZ
Tm-00-163,Md-004,RYQGY
Tm-00-004,Md-008,WQTBJ
Tm-00-231,Md-011,ICSSN
Tm-00-102,Md-008,PLEBX
Tm-00-222,Md-011,XHXML
Tm-00-407,Md-019,XXKAD
Tm-00-165,Md-026,FOKLN
Tm-00-302,Md-011,PDHMV
Tm-00-396,Md-005,UCFRR
Tm-00-049,Md-009,GISMY
Tm-00-081,Md-005,JPULB
Tm-00-213,Md-018,KERFQ
Tm-00-299,Md-003,QPGZE
Tm-00-154,Md-004,YSJPY
Tm-00-020,Md-024,ZHNEU
Tm-00-274,Md-022,ALBZX
Tm-00-370,Md-007,XRKZE
Tm-00-327,Md-016,SUONG
Tm-00-052,Md-020,MWGOJ
Tm-00-020,Md-017,BOZGE
Tm-00-434,Md-012,FFXWD
Tm-00-383,Md-012,ACPBG
Tm-00-314,Md-015,RSLIZ
Tm-00-197,Md-001,CMLTW
Tm-00-122,Md-006,PVHHU
Tm-00-385,Md-008,YHBHI
Tm-00-405,Md-022,LWWWG
Tm-00-096,Md-010,DVUZG
Tm-00-089,Md-025,WCYJV
Tm-00-081,Md-006,GBQPW
Tm-00-382,Md-020,VVXUM
Tm-00-134,Md-013,JTVPF
Tm-00-001,Md-002,GHPXB
Tm-00-439,Md-003,LXLCN
Tm-00-260,Md-013,VATET
Tm-00-159,Md-022,UICHU
Tm-00-078,Md-015,NIOCY
Tm-00-032,Md-011,ZDCJA
Tm-00-047,Md-016,XLCYV
Tm-00-238,Md-027,DBJUN
Tm-00-132,Md-016,NJAFP
Tm-00-319,Md-029,WUJWN
Tm-00-334,Md-015,OTFFX
Tm-00-428,Md-022,WOYXX
Tm-00-047,Md-013,EZGAQ
Tm-00-110,Md-001,EVUZU
Tm-00-138,Md-015,SBBAY
Tm-00-387,Md-026,FWLTW
Tm-00-326,Md-008,DECWG
Tm-00-028,Md-001,SMTIP
Tm-00-088,Md-010,IRRUL
Tm-00-437,Md-004,WWVJE
Tm-00-103,Md-023,TNLPY
Tm-00-308,Md-015,RKRKE
Tm-00-337,Md-007,ABKPY
Tm-00-333,Md-024,XBBBU
Tm-00-136,Md-014,RXETP
Tm-00-076,Md-001,BQMSI
Tm-00-322,Md-012,DFERJ
Tm-00-211,Md-011,MZSVH
Tm-00-345,Md-015,VOUNX
Tm-00-076,Md-005,VSBBK
Tm-00-309,Md-029,CWYBW
Tm-00-400,Md-002,BXGBN
Tm-00-023,Md-020,FOXID
Tm-00-252,Md-019,SPSOU
Tm-00-340,Md-026,IVCIJ
Tm-00-045,Md-007,LZBZL
Tm-00-387,Md-001,ATWRQ
Tm-00-426,Md-009,LDSIA
Tm-00-136,Md-005,FJKSM
Tm-00-388,Md-005,QPMVK
Tm-00-247,Md-007,ORJKM
Tm-00-062,Md-028,WEHBH
Tm-00-260,Md-020,ILSHB
Tm-00-178,Md-009,CBBHZ
Tm-00-305,Md-024,ZGXNW
Tm-00-008,Md-020,SJKXI
Tm-00-213,Md-022,WIXRQ
Tm-00-156,Md-003,LPSRW
Tm-00-321,Md-009,NGKIX
Tm-00-239,Md-021,JQHUJ
Tm-00-025,Md-026,JTPIE
Tm-00-187,Md-023,QYJPQ
Tm-00-415,Md-024,IGAML
Tm-00-298,Md-011,TZZHJ
Tm-00-418,Md-021,FSEVP
Tm-00-299,Md-011,GANNP
Tm-00-279,Md-029,TMAGW
Tm-00-283,Md-002,KHCLN
Tm-00-075,Md-013,ZAOIP
Tm-00-209,Md-011,YXQKL
Tm-00-022,Md-004,IRMTW
Tm-00-326,Md-012,LXUCT
Tm-00-404,Md-018,ODRNR
Tm-00-281,Md-005,ZPGQU
Tm-00-253,Md-007,TWVFG
Tm-00-111,Md-009,ZWPKU
Tm-00-296,Md-024,OGVEV
Tm-00-215,Md-013,SMMMQ
Tm-00-162,Md-028,JEVGK
Tm-00-323,Md-020,PWZYQ
Tm-00-433,Md-025,SGLAA
Tm-00-281,Md-029,JDEKD
Tm-00-355,Md-029,VECZU
Tm-00-187,Md-015,IDBKW
Tm-00-221,Md-024,SFYSP
Tm-00-157,Md-020,VAGQD
Tm-00-252,Md-020,VRKIE
Tm-00-384,Md-011,FCYUI
Tm-00-062,Md-022,RPDAM
Tm-00-426,Md-004,NAYFV
Tm-00-006,Md-001,GCQNU
Tm-00-163,Md-023,SFLPK
Tm-00-049,Md-008,DABEN
Tm-00-084,Md-013,NWGSC
Tm-00-384,Md-003,BLNTX
Tm-00-106,Md-028,RLHLL
Tm-00-253,Md-014,BPOXK
Tm-00-315,Md-003,AGUUB
Tm-00-056,Md-008,HGEUD
Tm-00-056,Md-010,PCXNY
Tm-00-228,Md-023,PYKDJ
Tm-00-039,Md-019,NTMEL
Tm-00-082,Md-002,JUYTK
Tm-00-146,Md-007,SVWEE
Tm-00-217,Md-003,WYSOL
Tm-00-421,Md-004,QXWUE
Tm-00-119,Md-018,URUPO
Tm-00-038,Md-012,RTXCO
Tm-00-410,Md-005,JGSVS
Tm-00-119,Md-001,XAIIF
Tm-00-102,Md-023,UUJYO
Tm-00-019,Md-005,ORABH
Tm-00-203,Md-008,ESFAU
Tm-00-271,Md-018,AKBSC
Tm-00-251,Md-026,GGJCB
Tm-00-439,Md-023,RSYSN
Tm-00-258,Md-014,CHNIT
Tm-00-167,Md-011,EPVSG
Tm-00-031,Md-020,VGIUL
Tm-00-238,Md-009,YNRRZ
Tm-00-154,Md-007,USWDJ
Tm-00-035,Md-010,DRJDI
Tm-00-024,Md-004,SNJPF
Tm-00-113,Md-004,ZXCMC
Tm-00-068,Md-007,IPGHX
Tm-00-087,Md-010,CGMIQ
Tm-00-196,Md-005,PUCZR
Tm-00-255,Md-008,IWPCM
Tm-00-389,Md-009,MVFBT
Tm-00-248,Md-011,OYXXC
Tm-00-160,Md-017,EQNFN
Tm-00-420,Md-013,ICMML
Tm-00-124,Md-013,AGOPV
Tm-00-343,Md-014,WSMLP
Tm-00-033,Md-004,TEEVF
Tm-00-434,Md-009,KRHUH
Tm-00-082,Md-022,DFQAX
Tm-00-266,Md-023,FCOHD
Tm-00-062,Md-015,KHRPY
Tm-00-431,Md-005,QXFQY
Tm-00-302,Md-012,LAFYM
Tm-00-172,Md-025,ATBAR
Tm-00-137,Md-016,MJIGD
Tm-00-403,Md-028,OACHA
Tm-00-315,Md-023,KPWTY
Tm-00-290,Md-022,ZQWAE
Tm-00-063,Md-016,HCGHJ
Tm-00-217,Md-005,RHGCD
Tm-00-182,Md-006,GCYPH
Tm-00-085,Md-023,CJUVM
Tm-00-270,Md-026,DVZWQ
Tm-00-183,Md-016,TGGIZ
Tm-00-428,Md-012,ODEWY
Tm-00-254,Md-026,GVAXL
Tm-00-129,Md-010,PNAMD
Tm-00-247,Md-016,SFXRG
Tm-00-344,Md-016,ROCHV
Tm-00-061,Md-027,DKFKU
Tm-00-084,Md-029,OIMTL
Tm-00-210,Md-004,THMWW
Tm-00-381,Md-019,NOPQQ
Tm-00-103,Md-024,MGERQ
Tm-00-017,Md-021,NUZFB
Tm-00-404,Md-026,IDPJD
Tm-00-157,Md-010,TOEGN
Tm-00-292,Md-002,SJJVR
Tm-00-049,Md-001,NYTVF
Tm-00-308,Md-029,TEOTA
Tm-00-307,Md-001,FEGQD
Tm-00-124,Md-015,DRUVD
Tm-00-073,Md-006,SOUIG
Tm-00-142,Md-022,SVLIC
Tm-00-397,Md-021,RXTUK
Tm-00-371,Md-016,DDEHL
Tm-00-234,Md-002,OOTLW
Tm-00-298,Md-010,KTJJH
Tm-00-294,Md-024,YBOGZ
Tm-00-002,Md-006,OUJAN
Tm-00-401,Md-023,ARMIM
Tm-00-043,Md-023,PKZSW
Tm-00-385,Md-006,ZRGOA
Tm-00-217,Md-024,ZGLRN
Tm-00-389,Md-023,IGJVC
Tm-00-376,Md-028,XFSTD
Tm-00-371,Md-002,SPHAA
Tm-00-344,Md-023,GYKKX
Tm-00-418,Md-012,CKRPB
Tm-00-192,Md-011,YIRDG
Tm-00-098,Md-015,LLWMN
Tm-00-300,Md-002,PVCWT
Tm-00-392,Md-028,IQAGS
Tm-00-021,Md-009,JMHCZ
Tm-00-320,Md-014,GLRZS
Tm-00-258,Md-011,FVPTX
Tm-00-248,Md-019,WVUTF
Tm-00-018,Md-023,DSDMG
Tm-00-302,Md-020,TXTFO
Tm-00-406,Md-016,ZQSOK
Tm-00-202,Md-029,YMPMN
Tm-00-236,Md-008,STXQD
Tm-00-401,Md-007,ZLVYE
Tm-00-308,Md-028,YOEIT
Tm-00-050,Md-003,QTWAM
Tm-00-079,Md-023,SCVNH
Tm-00-427,Md-008,PIWCO
Tm-00-339,Md-015,CLJAV
Tm-00-410,Md-010,ALMTH
Tm-00-418,Md-002,XIAIE
Tm-00-140,Md-013,TITVH
Tm-00-228,Md-022,AIVIY
Tm-00-123,Md-023,AFIFD
Tm-00-411,Md-008,KWKQC
Tm-00-139,Md-011,GGRXU
Tm-00-043,Md-009,RBPAQ
Tm-00-432,Md-001,QYKAO
Tm-00-440,Md-019,XWVAR
Tm-00-358,Md-007,EJHXB
Tm-00-292,Md-019,YIKAF
Tm-00-411,Md-002,LTJIO
Tm-00-186,Md-004,UEUQX
Tm-00-078,Md-026,EVFLO
Tm-00-270,Md-018,ASTCI
Tm-00-229,Md-019,NSQZD
Tm-00-278,Md-028,SHOBY
Tm-00-123,Md-013,IFJGJ
Tm-00-244,Md-011,PYUJT
Tm-00-224,Md-012,VTOSK
Tm-00-086,Md-024,IBUYL
Tm-00-186,Md-014,SKOBV
Tm-00-060,Md-015,VONFY
Tm-00-111,Md-007,YRNQZ
Tm-00-225,Md-005,XBIQO
Tm-00-119,Md-012,YULSU
Tm-00-133,Md-014,UIGVI
Tm-00-002,Md-029,NXNOV
Tm-00-359,Md-002,QUDYF
Tm-00-036,Md-004,DWRTF
Tm-00-383,Md-001,LIHNJ
Tm-00-046,Md-018,UTNNZ
Tm-00-280,Md-017,AEXKA
Tm-00-157,Md-027,BZCWM
Tm-00-354,Md-006,APJRV
Tm-00-328,Md-019,MOOTT
Tm-00-138,Md-028,JMJGO
Tm-00-057,Md-008,ZEQVT
Tm-00-096,Md-009,FGKSX
Tm-00-055,Md-008,UUKBW
Tm-00-196,Md-011,YCPKC
Tm-00-242,Md-020,GXWDJ
Tm-00-298,Md-005,YOKHF
Tm-00-349,Md-004,IOMMZ
Tm-00-175,Md-009,LOGCO
Tm-00-432,Md-015,ADXHP
Tm-00-238,Md-002,JTQOI
Tm-00-223,Md-006,BLILE
Tm-00-072,Md-023,XLGVF
Tm-00-319,Md-014,NYLRW
Tm-00-411,Md-021,VSQWE
Tm-00-416,Md-004,VPZKE
Tm-00-038,Md-006,FCXTE
Tm-00-201,Md-011,RQLZJ
Tm-00-083,Md-003,SBXMF
Tm-00-032,Md-026,WQTDT
Tm-00-374,Md-017,KFXUW
Tm-00-229,Md-017,LOTZI
Tm-00-142,Md-027,PNCIS
Tm-00-176,Md-004,FDFMM
Tm-00-129,Md-018,NBJUC
Tm-00-308,Md-014,DAQHK
Tm-00-366,Md-023,JJKGD
Tm-00-249,Md-009,HQZRN
Tm-00-126,Md-003,PHHQE
Tm-00-188,Md-020,BHEAD
Tm-00-305,Md-004,LIHTF
Tm-00-088,Md-023,LSPFO
Tm-00-142,Md-006,KBQCM
Tm-00-174,Md-012,VEGXZ
Tm-00-379,Md-004,RWZNA
Tm-00-292,Md-008,ANUUJ
Tm-00-407,Md-004,LZGGO
Tm-00-045,Md-018,XHHRP
Tm-00-244,Md-027,VMJVN
Tm-00-416,Md-020,KMGJF
Tm-00-418,Md-019,DMBBC
Tm-00-013,Md-007,HWHGV
Tm-00-282,Md-003,LCEQC
Tm-00-022,Md-017,UWPIK
Tm-00-076,Md-007,LPITG
Tm-00-270,Md-002,TWRQT
Tm-00-136,Md-017,RPUYI
Tm-00-233,Md-009,CHWMZ
Tm-00-339,Md-029,MOAAF
Tm-00-298,Md-026,XLBGN
Tm-00-264,Md-028,KVEFE
Tm-00-024,Md-015,FOFUT
Tm-00-440,Md-015,FIKXQ
Tm-00-147,Md-004,VXMVX
Tm-00-248,Md-029,PCVHL
Tm-00-052,Md-003,QLCCP
Tm-00-237,Md-006,OKVLL
Tm-00-264,Md-023,XYPBO
Tm-00-355,Md-013,TCOWH
Tm-00-417,Md-027,FXUKO
Tm-00-199,Md-011,GTVMC
Tm-00-204,Md-003,DBMHF
Tm-00-079,Md-009,DICTA
Tm-00-043,Md-010,SYPMU
Tm-00-145,Md-019,PRBHQ
Tm-00-048,Md-001,YZKTX
Tm-00-231,Md-027,TWSPC
Tm-00-138,Md-029,ANCGB
Tm-00-202,Md-001,DZYJY
Tm-00-247,Md-011,LUBXD
Tm-00-060,Md-010,UTNAO
Tm-00-044,Md-025,UVZNH
Tm-00-426,Md-020,VMGNZ
Tm-00-126,Md-022,AZKWE
Tm-00-086,Md-002,EKQME
Tm-00-201,Md-007,YDNNH
Tm-00-166,Md-005,XWAWL
Tm-00-275,Md-001,HPXMT
Tm-00-235,Md-004,ZTTME
Tm-00-212,Md-011,HNGGT
Tm-00-021,Md-004,NCJCJ
Tm-00-371,Md-001,VVDAJ
Tm-00-222,Md-010,ZXDOG
Tm-00-141,Md-010,QJOTY
Tm-00-179,Md-028,NPVEA
Tm-00-064,Md-026,UICLB
Tm-00-335,Md-018,VYFOB
Tm-00-267,Md-012,HPCPO
Tm-00-293,Md-020,ZZUHE
Tm-00-332,Md-016,CNBUI
Tm-00-399,Md-024,DQGOZ
Tm-00-253,Md-013,NXAJU
Tm-00-366,Md-012,MQAXU
Tm-00-283,Md-018,PDIWF
Tm-00-119,Md-016,IZFJP
Tm-00-117,Md-012,VRFFT
Tm-00-334,Md-007,PNFAJ
Tm-00-077,Md-024,ZBGTM
Tm-00-203,Md-021,OJWLL
Tm-00-375,Md-013,QJICL
Tm-00-045,Md-028,NJXXQ
Tm-00-066,Md-021,YDQEL
Tm-00-192,Md-013,IJWHF
Tm-00-042,Md-025,RMRMQ
Tm-00-306,Md-025,AOQZH
Tm-00-267,Md-005,WEGLM
Tm-00-278,Md-023,PCFBU
Tm-00-247,Md-022,LSBRO
Tm-00-325,Md-024,CFTYJ
Tm-00-315,Md-021,KQXTX
Tm-00-187,Md-004,LXLIX
Tm-00-420,Md-011,VNKDL
Tm-00-297,Md-019,OQJPW
Tm-00-417,Md-007,WEZHV
Tm-00-429,Md-006,NDNLV
Tm-00-179,Md-006,KNJQX
Tm-00-138,Md-005,TLLAY
Tm-00-309,Md-009,GJADY
Tm-00-268,Md-012,QSYCO
Tm-00-326,Md-003,XQVTI
Tm-00-265,Md-004,OGCSP
Tm-00-068,Md-017,OYPFN
Tm-00-039,Md-022,KBQQG
Tm-00-021,Md-013,PFVXN
Tm-00-276,Md-015,SKEYF
Tm-00-343,Md-015,HRHXR
Tm-00-045,Md-021,LXUPI
Tm-00-403,Md-020,XFKGI
Tm-00-198,Md-012,QJHJH
Tm-00-185,Md-016,STNRJ
Tm-00-413,Md-019,DYMDX
Tm-00-243,Md-005,FKOOY
Tm-00-069,Md-007,JJRZB
Tm-00-055,Md-005,VLXSP
Tm-00-393,Md-026,IVRBM
Tm-00-016,Md-023,DAPZE
Tm-00-246,Md-016,BTFJF
Tm-00-421,Md-020,PCHVZ
Tm-00-168,Md-021,BNFVU
Tm-00-086,Md-007,MWKAP
Tm-00-311,Md-028,QCXZR
Tm-00-106,Md-023,GRVGK
Tm-00-368,Md-012,VXLWL
Tm-00-353,Md-026,YFNLJ
Tm-00-157,Md-019,KFJFD
Tm-00-334,Md-008,RVLUP
Tm-00-039,Md-026,UWVIK
Tm-00-285,Md-009,NZMXD
Tm-00-022,Md-011,FNNLY
Tm-00-182,Md-012,VIEOQ
Tm-00-416,Md-019,CPPSL
Tm-00-029,Md-018,SWUBA
Tm-00-116,Md-013,JBLNN
Tm-00-150,Md-022,IBVUD
Tm-00-431,Md-018,EYEVC
Tm-00-206,Md-006,CFBRB
Tm-00-178,Md-027,NYOGZ
Tm-00-023,Md-021,OGWJI
Tm-00-308,Md-011,JHFCO
Tm-00-213,Md-021,GUGNV
Tm-00-276,Md-026,BIRRJ
Tm-00-102,Md-006,SELTK
Tm-00-394,Md-024,HKITS
Tm-00-284,Md-024,VVJUS
Tm-00-278,Md-029,QDMBM
Tm-00-074,Md-016,MPOKX
Tm-00-337,Md-029,EOWUX
Tm-00-233,Md-001,VRHAM
Tm-00-224,Md-022,VWQFM
Tm-00-299,Md-024,HISFL
Tm-00-291,Md-020,JBBER
Tm-00-278,Md-011,EDFDC
Tm-00-182,Md-029,LCFGO
Tm-00-054,Md-001,SLRHK
Tm-00-276,Md-025,NOVLV
Tm-00-303,Md-028,BAPGM
Tm-00-010,Md-025,PBIOK
Tm-00-413,Md-027,LPEEO
Tm-00-305,Md-009,LFZDO
Tm-00-130,Md-020,GZVVO
Tm-00-258,Md-010,SKIAU
Tm-00-099,Md-004,CVJKO
Tm-00-173,Md-002,OAFRX
Tm-00-425,Md-003,GSUPD
Tm-00-336,Md-007,YJCLB
Tm-00-147,Md-010,YLPHT
Tm-00-350,Md-010,BGZFS
Tm-00-057,Md-026,OPPXR
Tm-00-423,Md-008,HSWJD
Tm-00-044,Md-011,LJJOE
Tm-00-374,Md-005,FBXEY
Tm-00-171,Md-022,LEQOO
Tm-00-221,Md-009,PIUYS
Tm-00-182,Md-024,KNKEH
Tm-00-141,Md-027,SPIAH
Tm-00-357,Md-029,XKRHU
Tm-00-261,Md-022,HVIFZ
Tm-00-159,Md-018,KURFX
Tm-00-169,Md-017,QFRAQ
Tm-00-181,Md-005,XGKFA
Tm-00-382,Md-001,OIJSQ
Tm-00-170,Md-006,DVQDK
Tm-00-346,Md-008,PWDYS
Tm-00-353,Md-029,VSZZA
Tm-00-138,Md-014,ZZWFF
Tm-00-376,Md-012,YKLPY
Tm-00-053,Md-027,OBWSE
Tm-00-335,Md-004,TQERL
Tm-00-430,Md-015,UBHPV
Tm-00-364,Md-028,GAOXU
Tm-00-408,Md-005,IYKHI
Tm-00-437,Md-017,BCTMN
Tm-00-191,Md-022,ZFMNS
Tm-00-156,Md-005,BFWTI
Tm-00-324,Md-005,BAKHG
Tm-00-145,Md-018,BRCCB
Tm-00-147,Md-011,HQECA
Tm-00-385,Md-020,PYJXW
Tm-00-291,Md-014,URABM
Tm-00-179,Md-008,QTYPR
Tm-00-292,Md-005,BTBWE
Tm-00-404,Md-023,ODAKY
Tm-00-368,Md-018,OVXEH
Tm-00-291,Md-009,CZFEE
Tm-00-208,Md-025,OSBCV
Tm-00-401,Md-005,DXRUP
Tm-00-418,Md-015,RJLUJ
Tm-00-407,Md-013,HHJBQ
Tm-00-195,Md-013,AJSSX
Tm-00-106,Md-007,WOAKC
Tm-00-364,Md-021,HWTUP
Tm-00-228,Md-010,KAYTV
Tm-00-216,Md-014,KSDKK
Tm-00-099,Md-003,ZJIVR
Tm-00-149,Md-004,IAQHW
Tm-00-287,Md-020,OMBZE
Tm-00-183,Md-004,WWQGX
Tm-00-384,Md-007,TCKRB
Tm-00-149,Md-026,OJBQF
Tm-00-184,Md-005,NUGRH
Tm-00-352,Md-017,BONQT
Tm-00-119,Md-015,OWAXF
Tm-00-211,Md-006,PHVMY
Tm-00-082,Md-005,TSJMT
Tm-00-195,Md-005,TCAVD
Tm-00-219,Md-024,WLFWN
Tm-00-216,Md-007,PYJCB
Tm-00-188,Md-010,TJODM
Tm-00-165,Md-007,NBJMY
Tm-00-360,Md-005,JDQRT
Tm-00-260,Md-004,BJZBY
Tm-00-320,Md-023,WFKPC
Tm-00-226,Md-013,TQDCV
Tm-00-038,Md-024,QAXUK
Tm-00-356,Md-015,VCLVD
Tm-00-021,Md-006,IOQIC
Tm-00-024,Md-025,QFIII
Tm-00-007,Md-007,JWYIL
Tm-00-402,Md-022,CXOZW
Tm-00-329,Md-007,XXZRK
Tm-00-209,Md-026,KTPLC
Tm-00-351,Md-024,TFUTJ
Tm-00-385,Md-015,BPEYR
Tm-00-126,Md-016,IZKPX
Tm-00-174,Md-026,BSWTO
Tm-00-255,Md-001,EAMPZ
Tm-00-123,Md-019,NGAQT
Tm-00-296,Md-006,LEOEO
Tm-00-089,Md-016,GFNLE
Tm-00-045,Md-017,STFZR
Tm-00-414,Md-023,KSOND
Tm-00-225,Md-022,UVKXO
Tm-00-241,Md-023,HXNCC
Tm-00-129,Md-012,AYSUK
Tm-00-375,Md-007,HLNJJ
Tm-00-066,Md-001,XMIZF
Tm-00-242,Md-006,FREWP
Tm-00-413,Md-005,GPDEW
Tm-00-257,Md-002,FKLXC
Tm-00-119,Md-005,JUYKF
Tm-00-318,Md-028,IXKKS
Tm-00-415,Md-013,XBSJM
Tm-00-041,Md-005,GHFPX
Tm-00-427,Md-006,PJPJO
Tm-00-019,Md-025,SFOUQ
Tm-00-078,Md-007,HRDLW
Tm-00-147,Md-023,QCLDY
Tm-00-389,Md-002,MMZMR
Tm-00-430,Md-005,QJHYN
Tm-00-373,Md-001,CUVMF
Tm-00-352,Md-027,HYNKA
Tm-00-160,Md-008,QTRHV
Tm-00-202,Md-017,WHXVZ
Tm-00-334,Md-013,XEWQS
Tm-00-013,Md-009,AMNNI
Tm-00-284,Md-016,BNFEU
Tm-00-314,Md-023,ORKMU
Tm-00-108,Md-020,HZUEP
Tm-00-256,Md-029,PAWSC
Tm-00-006,Md-019,OILQD
Tm-00-138,Md-008,LIPRC
Tm-00-124,Md-018,ERFIK
Tm-00-001,Md-011,RKAQC
Tm-00-391,Md-022,FBXKC
Tm-00-131,Md-013,VCQOZ
Tm-00-102,Md-012,JKGYX
Tm-00-045,Md-009,GXPGP
Tm-00-064,Md-011,ZXMNY
Tm-00-321,Md-020,MTIHC
Tm-00-356,Md-014,PWUMY
Tm-00-317,Md-007,HSFVC
Tm-00-061,Md-022,HASGE
Tm-00-166,Md-001,PPFVZ
Tm-00-141,Md-028,UGLRE
Tm-00-260,Md-006,YZGXQ
Tm-00-153,Md-010,LEYEW
Tm-00-040,Md-022,NXMCO
Tm-00-129,Md-019,NUQAK
Tm-00-436,Md-004,NERGX
Tm-00-165,Md-006,NSLQW
Tm-00-286,Md-003,VULJJ
Tm-00-378,Md-020,SVYYM
Tm-00-227,Md-021,HFDSJ
Tm-00-282,Md-009,EJNDU
Tm-00-022,Md-012,JCHYS
Tm-00-018,Md-002,NVNGO
Tm-00-184,Md-009,BYJGN
Tm-00-105,Md-007,AKJZN
Tm-00-247,Md-028,GCPED
Tm-00-044,Md-014,IYGYJ
Tm-00-296,Md-022,KJGAO
Tm-00-357,Md-025,LPXXT
Tm-00-103,Md-028,WJIBW
Tm-00-191,Md-016,DLWOP
Tm-00-075,Md-014,PEBAS
Tm-00-324,Md-001,CEDKB
Tm-00-343,Md-017,CDFHF
Tm-00-286,Md-027,WIUGX
Tm-00-174,Md-013,SFAUJ
Tm-00-306,Md-004,AFWTM
Tm-00-217,Md-013,GPQHE
Tm-00-341,Md-020,AFWIE
Tm-00-176,Md-005,CFIZE
Tm-00-153,Md-027,JREYW
Tm-00-355,Md-018,RSRZI
Tm-00-379,Md-014,HVPBF
Tm-00-417,Md-006,EJGAB
Tm-00-051,Md-004,OHLHW
Tm-00-326,Md-011,XBCWH
Tm-00-155,Md-013,BWPAE
Tm-00-274,Md-021,UPYAU
Tm-00-293,Md-018,MZYFX
Tm-00-251,Md-016,AYPLJ
Tm-00-159,Md-010,HASNA
Tm-00-270,Md-027,HKYZB
Tm-00-035,Md-001,ZYXXR
Tm-00-224,Md-026,RFGMZ
Tm-00-422,Md-007,JUYZL
Tm-00-006,Md-024,MQKCQ
Tm-00-232,Md-014,EZYQO
Tm-00-226,Md-011,FSCXV
Tm-00-372,Md-003,SYZQO
Tm-00-139,Md-003,JKHDD
Tm-00-133,Md-025,AUWSB
Tm-00-438,Md-024,LFVUC
Tm-00-344,Md-019,CCDYM
Tm-00-223,Md-003,VQEUQ
Tm-00-013,Md-021,AYTJJ
Tm-00-363,Md-024,IKUYJ
Tm-00-057,Md-009,DVARX
Tm-00-438,Md-009,ZAMLF
Tm-00-063,Md-021,OLISO
Tm-00-248,Md-028,WFMPL
Tm-00-296,Md-010,FWZPP
Tm-00-094,Md-016,JWQWA
Tm-00-100,Md-024,KGZRJ
Tm-00-088,Md-006,NZIGF
Tm-00-417,Md-019,NKOKU
Tm-00-340,Md-007,AHIDZ
Tm-00-131,Md-015,NFQSJ
Tm-00-151,Md-005,EVXMD
Tm-00-240,Md-015,NFMBY
Tm-00-086,Md-014,FOSFJ
Tm-00-030,Md-026,FRXGY
Tm-00-377,Md-008,FGJEF
Tm-00-207,Md-018,ROYDJ
Tm-00-407,Md-011,ZRFOL
Tm-00-425,Md-027,JNDNQ
Tm-00-266,Md-001,DMPXF
Tm-00-318,Md-020,MZLMY
Tm-00-409,Md-009,MXUQK
Tm-00-337,Md-009,TRBQQ
Tm-00-397,Md-018,LGCTX
Tm-00-249,Md-018,WGKEZ
Tm-00-434,Md-023,DOLYC
Tm-00-245,Md-012,QRQNR
Tm-00-200,Md-027,CVKNG
Tm-00-152,Md-005,SVCVL
Tm-00-222,Md-019,PYFFT
Tm-00-149,Md-027,XBDDV
Tm-00-010,Md-010,AQZQZ
Tm-00-071,Md-004,PZRCS
Tm-00-097,Md-002,WISAQ
Tm-00-031,Md-014,XMNKI
Tm-00-302,Md-007,LSAPF
Tm-00-245,Md-021,FBCDP
Tm-00-270,Md-022,HAEVL
Tm-00-340,Md-027,IOCUP
Tm-00-012,Md-001,BYGLR
Tm-00-335,Md-012,SAMJJ
Tm-00-090,Md-014,IQAUU
Tm-00-327,Md-015,JOFQR
Tm-00-120,Md-001,GXDRV
Tm-00-135,Md-015,QDWKU
Tm-00-108,Md-007,XHRIX
Tm-00-093,Md-028,XHHGF
Tm-00-124,Md-010,VCENY
Tm-00-142,Md-026,TUNRD
Tm-00-362,Md-029,YZNUA
Tm-00-338,Md-006,KFIGU
Tm-00-010,Md-016,SSVAZ
Tm-00-225,Md-010,ZIZLR
Tm-00-138,Md-016,CJVSJ
Tm-00-353,Md-001,SYCSY
Tm-00-417,Md-015,NVOHM
Tm-00-192,Md-025,ZGSPU
Tm-00-304,Md-021,YBYEN
Tm-00-037,Md-027,TMJAE
Tm-00-426,Md-005,LZTKB
Tm-00-357,Md-023,CBMYV
Tm-00-287,Md-026,RFRDM
Tm-00-254,Md-012,YLFTX
Tm-00-398,Md-002,JTWYW
Tm-00-289,Md-018,ESIJW
Tm-00-275,Md-023,OVBPA
Tm-00-255,Md-025,MNIFA
Tm-00-357,Md-009,FEAYE
